
<!-- Generated data (by glib-mkenums) -->

<schemalist>
  <flags id='org.gnome.gedit.GeditLockdownMask'>
    <value nick='command-line' value='1'/>
    <value nick='printing' value='2'/>
    <value nick='print-setup' value='4'/>
    <value nick='save-to-disk' value='8'/>
  </flags>
  <flags id='org.gnome.gedit.GeditDebugSection'>
    <value nick='no-debug' value='0'/>
    <value nick='debug-view' value='1'/>
    <value nick='debug-search' value='2'/>
    <value nick='debug-print' value='4'/>
    <value nick='debug-prefs' value='8'/>
    <value nick='debug-plugins' value='16'/>
    <value nick='debug-tab' value='32'/>
    <value nick='debug-document' value='64'/>
    <value nick='debug-commands' value='128'/>
    <value nick='debug-app' value='256'/>
    <value nick='debug-session' value='512'/>
    <value nick='debug-utils' value='1024'/>
    <value nick='debug-metadata' value='2048'/>
    <value nick='debug-window' value='4096'/>
    <value nick='debug-loader' value='8192'/>
    <value nick='debug-saver' value='16384'/>
    <value nick='debug-panel' value='32768'/>
    <value nick='debug-dbus' value='65536'/>
  </flags>
  <enum id='org.gnome.gedit.GeditDocumentNewlineType'>
    <value nick='lf' value='0'/>
    <value nick='cr' value='1'/>
    <value nick='cr-lf' value='2'/>
  </enum>
  <flags id='org.gnome.gedit.GeditSearchFlags'>
    <value nick='dont-set-flags' value='1'/>
    <value nick='entire-word' value='2'/>
    <value nick='case-sensitive' value='4'/>
  </flags>
  <enum id='org.gnome.gedit.GeditDocumentCompressionType'>
    <value nick='none' value='0'/>
    <value nick='gzip' value='1'/>
  </enum>
  <flags id='org.gnome.gedit.GeditDocumentSaveFlags'>
    <value nick='ignore-mtime' value='1'/>
    <value nick='ignore-backup' value='2'/>
    <value nick='preserve-backup' value='4'/>
    <value nick='ignore-invalid-chars' value='8'/>
  </flags>
  <enum id='org.gnome.gedit.GeditNotebookShowTabsModeType'>
    <value nick='never' value='0'/>
    <value nick='auto' value='1'/>
    <value nick='always' value='2'/>
  </enum>
  <enum id='org.gnome.gedit.GeditPrintJobStatus'>
    <value nick='init' value='0'/>
    <value nick='paginating' value='1'/>
    <value nick='drawing' value='2'/>
    <value nick='done' value='3'/>
  </enum>
  <enum id='org.gnome.gedit.GeditPrintJobResult'>
    <value nick='ok' value='0'/>
    <value nick='cancel' value='1'/>
    <value nick='error' value='2'/>
  </enum>
  <enum id='org.gnome.gedit.GeditTabState'>
    <value nick='state-normal' value='0'/>
    <value nick='state-loading' value='1'/>
    <value nick='state-reverting' value='2'/>
    <value nick='state-saving' value='3'/>
    <value nick='state-printing' value='4'/>
    <value nick='state-print-previewing' value='5'/>
    <value nick='state-showing-print-preview' value='6'/>
    <value nick='state-generic-not-editable' value='7'/>
    <value nick='state-loading-error' value='8'/>
    <value nick='state-reverting-error' value='9'/>
    <value nick='state-saving-error' value='10'/>
    <value nick='state-generic-error' value='11'/>
    <value nick='state-closing' value='12'/>
    <value nick='state-externally-modified-notification' value='13'/>
    <value nick='num-of-states' value='14'/>
  </enum>
  <flags id='org.gnome.gedit.GeditWindowState'>
    <value nick='normal' value='0'/>
    <value nick='saving' value='2'/>
    <value nick='printing' value='4'/>
    <value nick='loading' value='8'/>
    <value nick='error' value='16'/>
  </flags>
</schemalist>

<!-- Generated data ends here -->

