<?xml version="1.0" encoding="UTF-8"?>
<schemalist gettext-domain="gsettings-desktop-schemas">
  <schema path="/org/gnome/desktop/applications/" id="org.gnome.desktop.default-applications">
    <child schema="org.gnome.desktop.default-applications.office" name="office"/>
    <child schema="org.gnome.desktop.default-applications.terminal" name="terminal"/>
  </schema>
  <schema path="/org/gnome/desktop/applications/office/" id="org.gnome.desktop.default-applications.office">
    <child schema="org.gnome.desktop.default-applications.office.calendar" name="calendar"/>
    <child schema="org.gnome.desktop.default-applications.office.tasks" name="tasks"/>
  </schema>
  <schema path="/org/gnome/desktop/applications/office/calendar/" id="org.gnome.desktop.default-applications.office.calendar">
    <key type="s" name="exec">
      <default>'evolution -c calendar'</default>
      <summary>Default calendar</summary>
      <description>Default calendar application DEPRECATED: This key is deprecated and ignored. The preferred calendar application is the application handling the text/calendar mime type.</description>
    </key>
    <key type="b" name="needs-term">
      <default>false</default>
      <summary>Calendar needs terminal</summary>
      <description>Whether the default calendar application needs a terminal to run. DEPRECATED: This key is deprecated and ignored. The preferred calendar application is the application handling the text/calendar mime type, whether it needs a terminal is taken from its desktop file.</description>
    </key>
  </schema>
  <schema path="/org/gnome/desktop/applications/office/tasks/" id="org.gnome.desktop.default-applications.office.tasks">
    <key type="s" name="exec">
      <default>'evolution -c tasks'</default>
      <summary>Default tasks</summary>
      <description>Default tasks application.</description>
    </key>
    <key type="b" name="needs-term">
      <default>false</default>
      <summary>Tasks needs terminal</summary>
      <description>Whether the default tasks application needs a terminal to run.</description>
    </key>
  </schema>
  <schema path="/org/gnome/desktop/applications/terminal/" id="org.gnome.desktop.default-applications.terminal">
    <key type="s" name="exec">
      <default>'gnome-terminal'</default>
      <summary>Terminal application</summary>
      <description>Terminal program to use when starting applications that require one. DEPRECATED: This key is deprecated and ignored. The default terminal is handled in GIO.</description>
    </key>
    <key type="s" name="exec-arg">
      <default>'-x'</default>
      <summary>Exec Arguments</summary>
      <description>Argument used to execute programs in the terminal defined by the 'exec' key. DEPRECATED: This key is deprecated and ignored. The default terminal and how to invoke it is handled in GIO.</description>
    </key>
  </schema>
</schemalist>