<schemalist>
  <schema gettext-domain="gtranslator" id="org.gnome.gtranslator.plugins.dictionary" path="/org/gnome/gtranslator/plugins/dictionary/">
    <key name="database" type="s">
      <default>'*'</default>
      <summary>Database</summary>
      <description>Word database</description>
    </key>
    <key name="source-name" type="s">
      <default>'Default'</default>
      <summary>Source Name</summary>
    </key>
    <key name="strategy" type="s">
      <default>'.'</default>
      <summary>Strategy</summary>
    </key>
    <key name="panel-position" type="i">
      <default>200</default>
      <summary>Panel Position</summary>
    </key>
  </schema>
</schemalist>
