<?xml version="1.0" encoding="UTF-8"?>
<schemalist gettext-domain="gsettings-desktop-schemas">
  <schema path="/org/gnome/desktop/lockdown/" id="org.gnome.desktop.lockdown">
    <key type="b" name="disable-command-line">
      <default>false</default>
      <summary>Disable command line</summary>
      <description>Prevent the user from accessing the terminal or specifying a command line to be executed. For example, this would disable access to the panel's "Run Application" dialog.</description>
    </key>
    <key type="b" name="disable-save-to-disk">
      <default>false</default>
      <summary>Disable saving files to disk</summary>
      <description>Prevent the user from saving files to disk. For example, this would disable access to all applications' "Save as" dialogs.</description>
    </key>
    <key type="b" name="disable-printing">
      <default>false</default>
      <summary>Disable printing</summary>
      <description>Prevent the user from printing. For example, this would disable access to all applications' "Print" dialogs.</description>
    </key>
    <key type="b" name="disable-print-setup">
      <default>false</default>
      <summary>Disable print setup</summary>
      <description>Prevent the user from modifying print settings. For example, this would disable access to all applications' "Print Setup" dialogs.</description>
    </key>
    <key type="b" name="disable-user-switching">
      <default>false</default>
      <summary>Disable user switching</summary>
      <description>Prevent the user from switching to another account while his session is active.</description>
    </key>
    <key type="b" name="disable-lock-screen">
      <default>false</default>
      <summary>Disable lock screen</summary>
      <description>Prevent the user to lock his screen.</description>
    </key>
    <key type="b" name="disable-application-handlers">
      <default>false</default>
      <summary>Disable URL and MIME type handlers</summary>
      <description>Prevent running any URL or MIME type handler applications.</description>
    </key>
    <key type="b" name="disable-log-out">
      <default>false</default>
      <summary>Disable log out</summary>
      <description>Prevent the user from logging out.</description>
    </key>
    <key type="b" name="user-administration-disabled">
      <default>false</default>
      <summary>Disable user administration</summary>
      <description>Stop the user from modifying user accounts. By default, we allow adding and removing users, as well as changing other users settings.</description>
    </key>
  </schema>
</schemalist>