<schemalist>
  <schema gettext-domain="gtranslator" id="org.gnome.gtranslator.plugins.open-tran" path="/org/gnome/gtranslator/plugins/open-tran/">
    <key name="search-code" type="s">
      <default>'en'</default>
      <summary>Search Code</summary>
      <description>The language code to search for</description>
    </key>
    <key name="own-code" type="s">
      <default>'gl'</default>
      <summary>Own Code</summary>
      <description>The language code in which you want the results</description>
    </key>
    <key name="use-mirror-server" type="b">
      <default>false</default>
      <summary>Use Mirror Server</summary>
      <description>Use a local copy of the main Open-Tran server at open-tran.eu</description>
    </key>
    <key name="mirror-server-url" type="s">
      <default>''</default>
      <summary>Mirror Server URL</summary>
      <description>URL of an Open-Tran mirror server</description>
    </key>
  </schema>
</schemalist>
