<?xml version="1.0" encoding="UTF-8"?>
<interface>
	<menu id="menubar">
		<submenu id="app-menu">
			<attribute name="label" translatable="yes">_File</attribute>
			<section>
				<item>
					<attribute name="label" translatable="yes">_Settings</attribute>
					<attribute name="action">app.settings</attribute>
				</item>
			</section>
			<section>
				<submenu id="advanced">
					<attribute name="label" translatable="yes">_Advanced</attribute>
					<item>
						<attribute name="label" translatable="yes">_Diagnostic</attribute>
						<attribute name="action">app.diag</attribute>
					</item>
					<item>
						<attribute name="label" translatable="yes">Optimize index</attribute>
						<attribute name="action">app.optimize_index</attribute>
					</item>
					<item>
						<attribute name="label" translatable="yes">Reindex all the documents</attribute>
						<attribute name="action">app.reindex_all</attribute>
					</item>
					<item>
						<attribute name="label" translatable="yes">Redo OCR on all the documents</attribute>
						<attribute name="action">app.redo_ocr_all</attribute>
					</item>
				</submenu>
			</section>
			<section id="menu_end">
				<item>
					<!--
					     Beware : This element is removed based on its
					     position in the menu
					-->
					<attribute name="label" translatable="yes">A_ctivate</attribute>
					<attribute name="action">app.activate</attribute>
				</item>
				<item>
					<attribute name="label" translatable="yes">_About</attribute>
					<attribute name="action">app.about</attribute>
				</item>
				<item>
					<attribute name="label" translatable="yes">_Quit</attribute>
					<attribute name="action">app.quit</attribute>
				</item>
			</section>
		</submenu>
	</menu>
</interface>
